电影名,导演,类型,上映日期,剧情简介
盗梦空间,克里斯托弗·诺兰,剧情;科幻;悬疑;冒险,2010-9-1,道姆·柯布（莱昂纳多·迪卡普里奥 Leonardo DiCaprio 饰）与同事阿瑟（约瑟夫·戈登-莱维特 Joseph Gordon-Levitt 饰）和纳什（卢卡斯·哈斯 Lukas Haas 饰）在一次针对日本能源大亨齐藤（渡边谦 饰）的盗梦行动中失败，反被齐藤利用。齐藤威逼利诱因遭通缉而流亡海外的柯布帮他拆分他竞争对手的公司，采取极端措施在其唯一继承人罗伯特·费希尔（希里安·墨菲 Cillian Murphy 饰）的深层潜意识中种下放弃家族公司、自立门户的想法。为了重返美国，柯布偷偷求助于岳父迈尔斯（迈克尔·凯恩 Michael Caine 饰），吸收了年轻的梦境设计师艾里阿德妮（艾伦·佩吉 Ellen Page 饰）、梦境演员艾姆斯（汤姆·哈迪 Tom Hardy 饰）和药剂师约瑟夫（迪利普·劳 Dileep Rao 饰）加入行动。在一层层...
星际穿越,克里斯托弗·诺兰,剧情;科幻;冒险,2014-11-12,近未来的地球黄沙遍野，小麦、秋葵等基础农作物相继因枯萎病灭绝，人类不再像从前那样仰望星空，放纵想象力和灵感的迸发，而是每日在沙尘暴的肆虐下倒数着所剩不多的光景。在家务农的前NASA宇航员库珀（马修·麦康纳 Matthew McConaughey 饰）接连在女儿墨菲（麦肯吉·弗依 Mackenzie Foy 饰）的书房发现奇怪的重力场现象，随即得知在某个未知区域内前NASA成员仍秘密进行一个拯救人类的计划。多年以前土星附近出现神秘虫洞，NASA借机将数名宇航员派遣到遥远的星系寻找适合居住的星球。在布兰德教授（迈克尔·凯恩 Michael Caine 饰）的劝说下，库珀忍痛告别了女儿，和其他三名专家教授女儿艾米莉亚·布兰德（安妮·海瑟薇 Anne Hathaway 饰）、罗米利（大卫·吉雅西 David Gyasi 饰）、多伊尔（韦斯·本特利 Wes B...
楚门的世界,彼得·威尔,剧情;科幻,1998-6-5,楚门（金•凯瑞 Jim Carrey 饰）是一个平凡得不能再平凡的人，除了一些有些稀奇的经历之外——初恋女友突然失踪、溺水身亡的父亲忽然似乎又出现在眼前，他和绝大多数30多岁的美国男人绝无异样。这令他倍感失落。他也曾试过离开自己生活了多年的地方，但总因种种理由而不能成行。                                                                    　　直到有一天，他忽然发觉自己似乎一直在被人跟踪，无论他走到哪里，干什么事情。这种感觉愈来愈强烈。楚门决定不惜一切代价逃离这个他生活了30多年的地方，去寻找他的初恋女友。                                                                    　　但他却发现自己怎样也逃不出去。真相其实很残忍。
机器人总动员,安德鲁·斯坦顿,科幻;动画;冒险,2008-6-27,公元2805年，人类文明高度发展，却因污染和生活垃圾大量增加使得地球不再适于人类居住。地球人被迫乘坐飞船离开故乡，进行一次漫长无边的宇宙之旅。临行前他们委托Buynlarge的公司对地球垃圾进行清理，该公司开发了名为WALL·E（Waste Allocation Load Lifters – Earth 地球废品分装员）的机器人担当此重任。                                                                    　　这些机器人按照程序日复一日、年复一年辛勤工作，但随着时间的流逝和恶劣环境的侵蚀，WALL·E们接连损坏、停止运动。最后只有一个仍在进行这项似乎永无止境的工作。经历了漫长的岁月，它开始拥有了自己的意识。它喜欢将收集来的宝贝小心翼翼藏起，喜欢收工后看看几百年前的歌舞片，此外还有一只蟑螂朋友作伴。直到有一天，一艘来自宇宙的飞船打破了它一成不变的生活……                                                                    　　本片荣获2009年第81届奥斯卡最佳动画长片奖。
蝙蝠侠：黑暗骑士,克里斯托弗·诺兰,剧情;动作;科幻;犯罪;惊悚,2008-7-14,从亲眼目睹父母被人杀死的阴影中走出来的“蝙蝠侠”，经历了成长之后，已经不再是那个桀骜不的孤单英雄了。在警官吉姆·戈登和检查官哈维·登特的通力帮助下，“蝙蝠侠”无后顾之忧地继续满世界的奔波，与日益增长起来的犯罪威胁做着永无休止的争斗，而他所在的高谭市，也是进展最为明显的地方，犯罪率以一种惊人的速度持续下降着，毕竟对方是能够上天入地的“蝙蝠侠”，不借两个胆子谁还敢造次呢？不过像高谭这种科技与污秽并存的城市，平静是不可能维持太久的，果不其然，新一轮的混乱很快就席卷了整个城市，人们再一被被恐慌所笼罩着，而声称愿意为这一切负责的，自然就是所有混乱的源头以及支配者--“小丑”了。                                                                            　　先不管“小丑”掀起一个又一个犯罪的狂潮的最终目的为何，他的企图都是邪恶的，所作所为更是早就危害到了高谭市民的正常生活……其中自然包括了“蝙蝠侠”身边几个非常重要的人，而他需要做的，就是...
黑客帝国,"莉莉·沃卓斯基,拉娜·沃卓斯基",动作;科幻,2000-1-14,不久的将来，网络黑客尼奥（基奴李维斯 饰）对这个看似正常的现实世界产生了怀疑。他结识了黑客崔妮蒂（凯莉·安·摩丝 饰），并见到了黑客组织的首领墨菲斯（劳伦斯·菲什伯恩 饰）。墨菲斯告诉他，现实世界其实是由一个名叫“母体”的计算机人工智能系统控制，人们就像他们饲养的动物，没有自由和思想，而尼奥就是能够拯救人类的救世主。                                                                    　　可是，救赎之路从来都不会一帆风顺，到底哪里才是真实的世界？如何才能打败那些超人一样的特勤？尼奥是不是人类的希望？这是黑客的帝国，程序和代码欢迎大家的到来。.
红辣椒,今敏,动画;悬疑;科幻;惊悚,2006-9-2,近未来，为了治疗现代人类越来越多、越来越严重的精神疾病，位于东京的精神医疗综合研究所开发出一种可以反映他人梦境的机器。通过微型DC的帮助，梦境在显示器上呈现出来，更方便找到一个人焦虑的症结。                                                                    　　某日，三台微型DC失窃，与之相关的研究人员的梦境接连被人侵入，随后受到严重伤害。美女医疗师千叶敦子另一个身份是梦境侦探“红辣椒”，她能够与患者同步体验梦境。为避免盗贼利用微型DC进一步作恶，她不得不潜入受害者的梦中寻找恐怖分子，一场充满奇幻和惊险的争斗旋即展开……                                                                    　　本片入围2006年威尼斯电影节主竞赛单元，荣获2007年葡萄牙奇幻电影节影评人选择奖、2006年蒙特利尔电影节大众选择奖。
攻壳机动队,押井守,动作;科幻;动画,1995-11-18,公元2029年，未来世界是高科技与信息化的世界。人类生活水平的提高伴随着犯罪活动的高科技化，于是，专门镇压高科技犯罪的特殊部队——公安9课成立了。队长草薙素子，作为一位全身“义体化”的女警，带领公安9课不断展开行动。                                                                    　　是次，公安9课帮助公安6课秘密解决了一位程序员外逃他国的麻烦琐事，又卷入传说中的黑客“傀儡师”的犯罪事件。当行动陷入僵局之际，傀儡师竟然不请自来，出现在公安9课！素子与她的战友们，不知不觉地被卷入了一场涉及政府的阴谋之中。
黑镜：圣诞特别篇,卡尔·蒂贝茨,剧情;科幻;惊悚,2014-12-16,圣诞节将至，一间地处偏远的小木屋里，波特（拉菲·斯波 Rafe Spall 饰）和马特（乔恩·哈姆 Jon Hamm 饰）同坐一桌，用红酒和烤土豆庆祝这个银装素裹的节日。波特沉默寡言，无精打采，而马特却恰恰相反，为了逗波特讲话，他向波特讲述了自己的过去。                                                                    　　曾经的马特是一名“恋爱导师”，他通过摄像头和网络“远程操控”他的客户，让这些平日里无人问津的“宅男”们能够在派对山成功抱得美人归。然而，一场意外让马特决定永远离开这个他经营得风生水起的行当，此间究竟发生了什么？听了马特的叙述，波特终于决定向马特讲述自己的故事，这个故事关乎于他和他的女友，但并不完全关乎于爱情。
攻壳机动队2：无罪,押井守,剧情;科幻;动画,2004-3-6,草薙素子之后，巴特与侦探出身的陀古萨结为搭档。近期发生多起机器人偶杀害主人继而自杀的事件，由于受害者家属均无公诉，且死者中有政客与公安官员，于是公安9课派出巴特小组调查此案。杀人人偶皆为荒凉地带公司出品的哈德莉机型，应部分顾客要求，该机型同时具备异性玩伴的功能，巴特从荒凉地带公司出货官遇害入手，卷入与黑帮的战斗，期间有人入侵他的大脑，使其自残。                                                                    　　巴特决定直奔荒凉地带总部，他与陀古萨拜访了择捉岛上的黑客基姆，后者布下系统陷阱，幸有素子提出警告避免陀古萨陷入控制。依靠基姆这条线索，巴特登上了荒凉地带公司设立在海上的工厂船，素子再次降临他的身边，与其并肩作战。
蝴蝶效应,"埃里克·布雷斯,J·麦基·格鲁伯",剧情;悬疑;科幻;惊悚,2004-1-23,伊万（艾什顿·库奇 Ashton Kutcher 饰）曾经有一个糟糕的童年，因为他行为闯下了大祸，令他童年充满不堪回忆的往事。而事实上，他确实只是依稀记得一点可怕的情景，这些情景一直纠缠着他的正常生活。伊万接受心理学家建议，把琐碎生活记在记事本里，却偶然发现通过记事本回到过去。                                                                    　　这时他才清楚记起，童年时候的自己做了那么多的错事。他幻想着用现在的意识，潜入童年的身体，去弥补种种过失给人们带来的伤害，尤其是希望与当年暗恋的凯西最终走回一起。然而他一次次的跨越时空的更改，只能越来越招致现实世界的不可救药。一切就像蝴蝶效应般，牵一发而动全身。
超感猎杀：完结特别篇,拉娜·沃卓斯基,剧情;科幻;同性,2018-6-8,Netfilx宣布将为月初被砍的《超感猎杀》制作两小时最终篇！Wolfgang的命运及更多大坑终于要填上啦！剧集制作人拉娜·沃卓斯基在致Sense8家族的一封信中感谢全球粉丝，表示大结局正在制作中，将于明年上线！
蝙蝠侠：黑暗骑士崛起,克里斯托弗·诺兰,剧情;动作;科幻;犯罪;惊悚,2012-8-27,检察官哈维·登特（艾伦·艾克哈特 Aaron Eckhart 饰）死后的八年间，哥谭市在戈登警长（加里·奥德曼 Gary Oldman 饰）的努力下有效地遏制了犯罪活动。而蝙蝠侠布鲁斯·韦恩（克里斯蒂安·贝尔 Christian Bale 饰）因为背负谋杀登特的罪名，被 警方通缉，在哥谭市销声匿迹。然而，这看似平静的状态被恐怖分子贝恩（汤姆·哈迪 Tom Hardy 饰）的出现打破，他利用猫女（安妮·海瑟薇 Anne Hathaway 饰）偷取布鲁斯的指纹，致使韦恩集团面临破财，布鲁斯被赶出董事会。为了保证韦恩集团投资的能源项目不被坏人利用制造核弹，布鲁斯帮助米兰达（玛丽昂·歌迪亚 Marion Cotillard 饰）成为董事会主席。贝恩接下来一连串精密设计的计划将哥谭市陷入孤绝之境，毁灭之日指日可待。布鲁斯只能再次肩负起拯救哥谭的重任，然而至亲的...
2001太空漫游,斯坦利·库布里克,科幻;惊悚;冒险,1968-4-2,这部影片是库布里克花了四年时间制作的充满哲学命题的鸿篇巨制。一块大黑石树立在史前人类的面前，他们刚刚开始认识工具，进入到进化的里程碑。同样的黑石还在宇宙多处出现，它们矗立在月球上，漂浮在太空中，带着某种神秘的寓意。                                                                    　　现在的时间是2001年，为了寻找黑石的根源，人类开展一项木星登陆计划。飞船上有冬眠的三名宇航员，大卫船长（凯尔·杜拉 Keir Dullea饰）、富兰克飞行员（加里·洛克伍德 Gary Lockwood饰），还有一部叫“HAL9000”的高智能电脑。HAL在宇宙飞行过程中发生错乱，令到富兰克和三名冬眠人员相继丧命，剩下波曼和这台电脑作战。                                                                    　　从死亡线上回来的大卫一气之下关掉主脑系统，HAL彻底失效。现在，茫茫宇宙中只剩大卫一人，向木星进发。穿越瑰异壮观的星门，大卫仿佛去到一个奇特的时空，那里有人类无尽的生死轮回和宇宙的终极知识……
阿凡达,詹姆斯·卡梅隆,动作;科幻;冒险,2010-1-4,战斗中负伤而下身瘫痪的前海军战士杰克·萨利（萨姆·沃辛顿 Sam Worthington 饰）决定替死去的同胞哥哥来到潘多拉星操纵格蕾丝博士（西格妮·韦弗 Sigourney Weaver 饰）用人类基因与当地纳美部族基因结合创造出的 “阿凡达” 混血生物。杰克的目的是打入纳美部落，外交说服他们自愿离开世代居住的家园，从而SecFor公司可砍伐殆尽该地区的原始森林，开采地下昂贵的“不可得”矿。在探索潘多拉星的过程中，杰克遇到了纳美部落的公主娜蒂瑞（佐伊·索尔达娜 Zoe Saldana 饰），向她学习了纳美人的生存技能与对待自然的态度。与此同时，SecFor公司的经理和军方代表上校迈尔斯（史蒂芬·朗 Stephen Lang 饰）逐渐丧失耐心，决定诉诸武力驱赶纳美人……                                                                            　　本片采用3D技术拍摄，共耗资5亿美元制作发行，是电影史上最为昂贵的作品。本片荣获...
黑客帝国3：矩阵革命,"拉娜·沃卓斯基,莉莉·沃卓斯基",动作;科幻,2003-11-5,第二集中，尼奥（基努·里维斯 Keanu Reeves 饰）没有能从内部摧毁“母体”，他的身体在真实世界的飞船上陷于昏迷，思想却被困在介于“母体”和真实世界的中间地带，这个地方由“火车人”控制。墨菲斯（劳伦斯·菲什伯恩 Laurence Fishburne 饰）和崔妮蒂（凯瑞-安·莫斯 Carrie-Anne Moss 饰）等人知道了尼奥的情况，在守护天使的带领下， 找到了“火车人”的控制者梅罗纹奇，经过一番激斗，将尼奥救了出来。                                                                            　　此时，电子乌贼部队对锡安发起了猛烈的攻击，人类组织所有机甲战士展开顽强的抵抗，形势危在旦夕；尼奥和崔妮蒂驾驶了一艘飞船克服重重困难，到达机器城市，尼奥终于见到了机器世界的统治者“机器大帝”，双方谈判并达成了协议：尼奥除掉不受“母体”控制的史密斯，以换取锡安的和平。                                                                            　　在“母体”中，尼奥和史密斯展开了关系人类生死存亡的最后决斗...
终结者2：审判日,詹姆斯·卡梅隆,动作;科幻,1991-7-3,上一部中，超级电脑“天网”阻止人类抵抗领袖约翰·康纳诞生的行动失败，时隔13年后，在“审判日”到来之前，“天网”派出了更加先进的生化机器人T-1000（罗伯特·帕特里克 饰）从公元2029年回到洛杉矶追杀已经长大的约翰，与此同时，约翰也派出了机器人T-800（阿诺· 施瓦辛格 饰）回去保护年幼的自己。                                                                    　　此时，萨拉·康纳（琳达·汉密尔顿 饰）因为怪异的言行而住进了精神疗养院，约翰则和养父母住在一起，行为叛逆。T-800找到他们，在逃避T-1000追杀过程中，获得了二人的信任。                                                                    　　为了改变未来的历史，挽救人类的命运，萨拉、约翰和T-800 Model 101找到了“天网”之父，迈尔斯·戴森（乔·莫顿 饰），说服他销毁一切有关“天网”的资料，此时，警察和T-1000同时赶来，他们陷入了多方争斗中。
千钧一发,安德鲁·尼科尔,剧情;科幻;惊悚,1997-10-24,未来的世界，科技的力量胜过一切，基因决定命运，几乎成为金科玉律。不幸文森特（伊桑•霍克 Ethan Hawke  饰）是一个基因不良的人，出生以来就决定了他近视和心脏病的缺陷，他只能活到30岁。于是父母为文森特增添了一个有着优良基因的弟弟。                                                                    　　文森特的梦想是漫游太空，然而恶劣的基因令他无法圆梦，直到他遇到了太空中心的杰罗姆（裘德•洛 Jude Law  饰）。杰罗姆有优秀的基因，却在一次意外中半身瘫痪。二人决定调换身份，文森特千方百计隐藏自己的基因信息，每天都认真清洗掉自己的皮屑毛发，不暴露任何蛛丝马迹。另一方面，杰罗姆帮他筹备进入太空前需要检查的基因物品。事情进展得非常顺利，然而一桩谋杀案和一根睫毛，让事情节外生枝。
大都会,弗里茨·朗,剧情;科幻,1927-1-10,Freder（Gustav Fröhlich 饰）是大都会主宰 Joh Fredersen（Alfred Abel 饰）的儿子。经一位圣洁姑娘（Brigitte Helm 饰）启示，Freder 来到地下目睹了在此劳作的劳工们悲惨的境遇。Freder 向父亲进言，想改变劳工们的处境。但 Joh 不为所动，却对从劳工们身上发现的地图感到忧虑。为弄清地图所示，Joh 不得不向老对头 Rotwang（Rudolf Klein-Rogge 饰）求教。地图所示究竟为何地？劳工们为何要去那里？
回到未来,罗伯特·泽米吉斯,喜剧;科幻;冒险,1985-7-3,布朗博士（克里斯托弗•洛伊德 Christopher Lloyd 饰）总是有些稀奇古怪的发明。在一次试验他发明的时光机器时，他找来了忘年交高中生马丁（迈克尔•J•福克斯 Michael J. Fox 饰）。岂料实验过程中博士被歹徒杀害了，马丁慌乱中架着时光机逃跑，回到了30年前。                                                                    　　马丁遇到了30年前的父亲乔治（克利斯丁•格拉夫 Crispin Glover 饰）和母亲洛莲（莉•汤普森 Lea Thompson 饰）。马丁一边找寻30年前的布朗博士，好让自己回到未来；一边尽力撮合乔治和洛莲，以免自己在以后消失了。但乔治为人懦弱，马丁在撮合过程中弄巧成拙让洛莲爱上了自己。还有令人讨厌的贝夫从中作梗，令马丁恼怒不已。                                                                    　　马丁周旋在他的双亲之间，还要尽快找到博士，想办法回到未来……
超能陆战队,"唐·霍尔,克里斯·威廉姆斯",喜剧;动作;科幻;动画;冒险,2015-2-28,未来世界的超级都市旧京山（San Fransokyo），热爱发明创造的天才少年小宏，在哥哥泰迪的鼓励下参加了罗伯特·卡拉汉教授主持的理工学院机器人专业的入学大赛。他凭借神奇的微型磁力机器人赢得观众、参赛者以及考官的一致好评，谁知突如其来的灾难却将小宏的梦想和人生毁于一旦。大火烧毁了展示会场，而哥哥为了救出受困的卡拉汉教授命丧火场。身心饱受创伤的小宏闭门不出，哥哥生前留下的治疗型机器人大白则成为安慰他的唯一伙伴。原以为微型机器人也毁于火灾，谁知小宏和大白竟意外发现有人在某座废弃工厂内大批量地生产他的发明。                                                                    　　稍后哥哥的朋友们弗雷德等人也加入进来，他们穿上小宏发明的超级战士战斗装备，和怀有险恶阴谋的神秘对手展开较量……
疯狂的麦克斯4：狂暴之路,乔治·米勒,动作;科幻;冒险,2015-5-14,未来世界，水资源短缺引发了连绵的战争。人们相互厮杀，争夺有限的资源，地球变成了血腥十足的杀戮死战场。面容恐怖的不死乔在戈壁山谷建立了难以撼动的强大武装王国，他手下的战郎驾驶装备尖端武器的战车四下抢掠，杀伐无度，甚至将自己的孩子打造成战争机器。在最近一次行动中，不死乔的得力战将弗瑞奥萨（查理兹·塞隆 Charlize Theron 饰）带着生育者们叛逃，这令不死乔恼羞成怒，发誓要追回生育者。经历了激烈的追逐战和摧毁力极强的沙尘暴，弗瑞奥萨和作为血主的麦克斯（汤姆·哈迪 Tom Hardy 饰）被迫上路，而身后不仅有不死乔的追兵，还有汽油镇、子弹农场的重兵追逐。                                                                    　　末世战争，全面爆发……
人工智能,史蒂文·斯皮尔伯格,剧情;科幻,2001-6-29,21世纪中期，由于温室效应，南北极冰川融化，地球上很多城市被淹没。此时，人类科技已经高度发达，人工智能机器人就是人类发明出来用以应对恶劣自然环境的科技手段之一，而且，机器人制造技术已经高度发达，先进的机器人不但拥有可以乱真的人类外表，还能感知自身的存在。                                                                    　　莫妮卡的儿子马丁重病住院，生命危在旦夕，为了缓解伤痛的心情，她领养了机器人小孩大卫（海利•乔•奥斯蒙特 饰），大卫的生存使命就是爱她。马丁苏醒，恢复健康，回到了家里，一系列的事情使大卫“失宠”，最后被莫妮卡抛弃。                                                                    　　在躲过机器屠宰场的残酷追杀后，大卫在机器情人乔（裘德•洛 饰）的帮助下，开始寻找自己的生存价值：渴望变成真正的小孩，重新回到莫妮卡妈妈的身边。谁也不知道他能否完成自己的心愿，脱胎换骨成为真正的人，等待他们的只是凶吉难料的旅程……
黑客帝国2：重装上阵,"拉娜·沃卓斯基,莉莉·沃卓斯基",动作;科幻,2003-7-18,上一部结尾，尼奥（基奴李维斯 饰）终于意识到自己的能力和使命，中弹复活后，变成了无所不能的“救世主”，他和女友崔妮蒂（凯莉·安·摩丝 饰），舰长墨菲斯（劳伦斯·菲什伯恩 饰）回到了人类的基地锡安，受到人们的热烈欢迎。                                                                    　　此时，“母体”决定先下手为强，派出了两万五千只电子乌贼攻击锡安基地；墨菲斯、尼奥和崔妮蒂则再次进入“母体”，寻找“制钥者”，准备从内部破坏；而本该被尼奥消灭的特勤史密斯似乎出了点问题，脱离了“母体”的控制，拥有可怕的复制能力，阻碍尼奥他们的行动。
回忆三部曲,"森本晃司,冈村天斋,大友克洋",动画;奇幻;科幻;惊悚,1995-12-23,本片由三段互无关联的故事组成。《她的回忆》：2092年，由伊瓦诺夫领导的太空垃圾回收飞船在返航途中接收到来自“宇宙坟场”的求救信号，特殊的是，信号中掺杂着歌剧《蝴蝶夫人》的唱段。队员汉兹与米格尔前往施救，却进入了一位歌剧演员艾娃的回忆，这些栩栩如生的回忆场景对船员们产生了威胁；《最臭兵器》：供职于制药公司的小职员田中信男拖着病体赶回公司，无意中服用了公司与军方合作的实验药品。自此信男成为了制造致命臭气的肉身工厂，对此毫不自知的信男却按照上司命令将药品样本送往东京总部，一路上引起大面积恐慌，军方不得不派出大批军队半路截杀信男；《大炮之街》：在一座由蒸汽驱动的城市中，一家三口展开了一天的生活。母亲去制造炮弹的工厂上班，父亲在炮台担任装填手，小儿子在学校里学习与大炮相关的知识。炮台不停开炮，但敌人的身影却始终没有出现……
头号玩家,史蒂文·斯皮尔伯格,动作;科幻;冒险,2018-3-30,故事发生在2045年，虚拟现实技术已经渗透到了人类生活的每一个角落。詹姆斯哈利迪（马克·里朗斯 Mark Rylance 饰）一手建造了名为“绿洲”的虚拟现实游戏世界，临终前，他宣布自己在游戏中设置了一个彩蛋，找到这枚彩蛋的人即可成为绿洲的继承人。要找到这枚彩蛋，必须先获得三把钥匙，而寻找钥匙的线索就隐藏在詹姆斯的过往之中。                                                                    　　韦德（泰尔·谢里丹 Tye Sheridan 饰）、艾奇（丽娜·维特 Lena Waithe 饰）、大东（森崎温 饰）和修（赵家正 饰）是游戏中的好友，和之后遇见的阿尔忒弥斯（奥利维亚·库克 Olivia Cooke 饰）一起，五人踏上了寻找彩蛋的征程。他们所要对抗的，是名为诺兰索伦托（本·门德尔森 Ben Mendelsohn 饰）的大资本家。
蜘蛛侠：平行宇宙,"鲍勃·佩尔西凯蒂,彼得·拉姆齐,罗德尼·罗斯曼",动作;科幻;动画;冒险,2018-12-21,正就读中学的少年迈尔斯（沙梅克·摩尔 Shameik Moore 配音）意外被一只遭受放射性污染的蜘蛛咬伤，随后身体发生奇特的变化。偶然机缘，他目睹了蜘蛛侠（克里斯·派恩 Chris Pine 配音）和犯罪头目金并（列维·施瑞博尔 Liev Schreiber 配音）的战斗。为了阻止金并利用时空对撞机扰乱宇宙，蜘蛛侠最终壮烈牺牲。可未过多久，来自平行宇宙的颓废的彼德·帕克（杰克·约翰逊 Jake M. Johnson 配音）出现在迈尔斯面前。为了阻止金并的阴谋，并帮助这个帕克返回自己的宇宙，他们闯入金并的老巢。在这一过程中，二人遭到章鱼博士和徘徊者的狙击。与此同时，来自其他宇宙的女蜘蛛侠、暗影蜘蛛侠、蜘猪侠、二次元蜘蛛妹相继出现。                                                                    　　他们合力与恶势力展开斗争……
彗星来的那一夜,詹姆斯·沃德·布柯特,科幻;悬疑;惊悚,2013-9-19,在一个静得有些诡异阴森的夜晚，年轻女子艾米丽（艾米丽·芭尔多尼 Emily Baldoni 饰）驱车来到朋友家参加聚会。此前她一边开车一边和男友打电话，然而通话突然中断，她的手机屏也莫名其妙出现裂痕。这一事件让艾米丽的心中升起隐隐不安，因为当晚一颗彗星刚好接近地球，一个 很久之前听过的传说使她对彗星的到来有着不祥的预感。稍后，朋友们落座，大家彼此交谈，叙说近况，虽然言语中有着许多莫名其妙、蹊跷反常的线索，然而均被一带而过。突然间，灯光尽灭。当光明重新来临时，众人发现附近只有一户人家还在亮灯，而亮灯人家里坐着的竟是……                                                                    　　本片荣获2014年阿姆斯特丹奇幻电影节黑郁金香奖。
蝙蝠侠：侠影之谜,克里斯托弗·诺兰,剧情;动作;科幻;犯罪;惊悚,2005-6-29,布鲁斯 韦恩（克里斯汀•贝尔 Christian Bale 饰）童年亲眼目睹了父母在高谭市街头被歹徒枪杀，韦恩充满怒火。在继承了父亲亿万家产后，韦恩开始环游世界，希望凭自己的力量复仇和打击犯罪！                                                                    　　韦恩为了了解罪犯的心理，在亚洲他亲自体现了犯罪的感觉，最后被捕入狱。他在狱中遇到了武艺高强的杜卡，杜卡传授了韦恩高强的武艺和坚韧的意志力。韦恩很快被神秘的影忍者盟看上，忍者大师一直想邀他加入。                                                                    　　韦恩不久发现影忍者盟对自己的家乡高谭市另有企图，他毅然回到了故乡。韦恩在自己的庄园发现了一个地下室，从此他多了一个身份—蝙蝠侠。蝙蝠侠开始了对抗笼罩在高谭市的黑暗。
穿越时空的少女,细田守,剧情;爱情;科幻;动画,2006-7-15,17岁少女绀野真琴是一个活泼跳脱的少女。在一次普通值日工作中，真琴不小心摔倒了，自此她发现自己拥有了穿越时空的能力。她兴奋不已，掌握了穿越时空的方法后，她经常用这个方法去解决生活中许多令她困扰十分的事。                                                                    　　喜欢棒球的真琴与同班的两名男生千昭与功介有着共同爱好。一天，与她本是好朋友的千昭突然向她表达爱意，手足无措了她再次穿越时空希望可以躲避这件事的发生。但没想到，千昭会跟同学友梨在一起了，而友梨也是一直喜欢千昭的。此时，暗恋功介的果穗误以为真琴是功介的女友。                                                                    　　为了帮忙解决朋友的问题，真琴不断以同样的方法回到过去。她突然发现自己手臂上的数字原来是穿越时空的次数，次数变得越来越少，与此同时她也发现了千昭的秘密……
发条橙,斯坦利·库布里克,犯罪;剧情;科幻,1971-12-19,阿利斯（马尔科姆•麦克道尔）是一位无恶不作的少年，他的特殊喜好是边听贝多芬的交响曲边奸淫女性，某次他进入一所别墅抢劫一番后，打残了该别墅的主人——一名小说家，并用特殊喜好蹂躏了其妻子。后来因为杀了一名单身女子，阿利斯入狱并接受了特殊的人格治疗，出狱后，他对淫乐之事产生彻底的厌倦。                                                                    　　但当阿利斯回到家时，周围人群没改变对他的旧看法，在种种歧视的重压下，他跑到郊外一所别墅想喘口气，不想这所别墅正是他以前抢劫过的小说家的那所。而作为反政府组织首领的该小说家为了达到某种目的，软禁了阿利斯。当这件事暴露小说家被捕时，其手下为了对抗政府，扬言要把阿利斯恢复原来的性情，完全不理一旁的阿利斯大叫“我完全好了”。
E.T.外星人,史蒂文·斯皮尔伯格,剧情;科幻,2002-6-20,小埃利奥特（亨利托马斯）发现一个意外走失的小外星人，他悄悄的收留了小外星人，并把他介绍给自己的哥哥和妹妹。孩子们与外星人友好的相处，给他吃巧克力，带他去郊外寻找家人留下的痕迹，并为小外星人的种种特异功能兴奋不已。渐渐的埃利奥特与外星人之间形成了某种奇妙的联系，跨越了言语沟通的障碍。                                                                    　　可是不久，外星人的存在被大人们知晓，无情的追捕行动展开了。ET被抓进实验室，小埃利奥特也一病不起。孩子们愤怒了，他们自发组织起来，营救外星人。埃利奥特也在心灵的感召下苏醒过来，加入营救行动。他们能成功么？
银翼杀手,雷德利·斯科特,科幻;惊悚,1982-6-25,2019年11月，刀锋跑者霍顿（Morgan Paull 饰）在泰瑞尔公司对新员工进行沃伊特-坎普夫测试时，被技师里昂·科瓦尔斯基（Brion James 饰）枪击。警监布莱恩特（M. Emmet Walsh 饰）不得不命老牌刀锋跑者戴克（Harrison Ford 饰）出马，猎杀复制人里昂、罗伊·巴蒂（Rutger Hauer 饰）、佐拉（Joanna Cassidy 饰）、普里斯（Daryl Hannah 饰）。戴克来到泰瑞尔公司调查，在艾登·泰瑞尔博士（Joe Turkel 饰）的请求下，对员工瑞秋（Sean Young 饰）进行了测试。百余问题之后，戴克判断瑞秋为复制人。而瑞秋本人对此真相竟一无所知……
守望者,扎克·施奈德,动作;科幻;悬疑,2009-3-6,由于邪恶势力肆意蔓延，一群具有超群实力的正义之士挺身而出，他们戴着面具，身着奇装异服，与各种坏蛋展开较量。不久，他们的英雄事迹通过媒体传遍全国，美元钞票、丝绸鬼魂、罗夏、城市队长等超级英雄的名字广为传播，他们更参与到大大小小的重大事件之中，也因各自的性格遭受着不同的命运。但是在20世纪70年代，政府出台的法令导致一部分不愿成为权贵爪牙的英雄退休，超级英雄集团由此分化。                                                                    　　1985年的一天，效力政府的超级英雄“喜剧演员”爱德华·布莱克（杰弗里·迪恩·摩根 Jeffrey Dean Morgan 饰）被人杀害。四处逃亡的“罗夏”的沃尔特·科瓦奇（杰基·厄尔·哈利 Jackie Earle Haley 饰）意识到有人正向曾经的超级英雄痛下杀手，而这背后隐藏着更大的阴谋……
复仇者联盟4：终局之战,"安东尼·罗素,乔·罗素",剧情;动作;科幻;奇幻;冒险,2019-4-24,一声响指，宇宙间半数生命灰飞烟灭。几近绝望的复仇者们在惊奇队长（布丽·拉尔森 Brie Larson 饰）的帮助下找到灭霸（乔什·布洛林 Josh Brolin 饰）归隐之处，却得知六颗无限宝石均被销毁，希望彻底破灭。如是过了五年，迷失在量子领域的蚁人（保罗·路德 Paul Rudd 饰）意外回到现实世界，他的出现为幸存的复仇者们点燃了希望。与美国队长（克里斯·埃文斯 Chris Evans 饰）冰释前嫌的托尼（小罗伯特·唐尼 Robert Downey Jr. 饰）找到了穿越时空的方法，星散各地的超级英雄再度集结，他们分别穿越不同的时代去搜集无限宝石。而在这一过程中，平行宇宙的灭霸察觉了他们的计划。                                                                    　　注定要载入史册的最终决战，超级英雄们为了心中恪守的信念前仆后继……
源代码,邓肯·琼斯,科幻;悬疑;惊悚,2011-8-30,在阿富汗执行任务的美国空军飞行员科特史蒂文斯上尉（杰克·吉伦哈尔 Jake Gyllenhaal 饰）突然惊醒，发现自己在一辆高速行驶的列车上，而他的身边坐着一个素不相识的女子克里斯蒂安（米歇尔·莫娜汉 Michelle Monaghan 饰）正在与自己讲话。科尔不知自己为什么会在这辆车上，而且他发现自己居然是以另一个人的身份存在，正当他迷惑不解的时候，列车上忽然发生爆炸……                                                                            　　科特又一次惊醒，发现自己身处一个密闭的太空仓里，有一位女军官古德温（维拉·法米加 Vera Farmiga 饰）正在通过视频和自己对话，并要求自己报告列车上发生的事情。一头雾水的科特还没搞明白是怎么回事时，他又一次被送上那辆列车。这次之后，科特终于明白自己在执行一件任务，负责调察芝加哥火车爆炸案找到恐怖份子并查出他的下一个目标。科特被一次又一次的送上那辆高速列车，每次只有八分钟...
火星救援,雷德利·斯科特,剧情;科幻;冒险,2015-11-25,载人航天宇宙飞船阿瑞斯3号成功抵达火星，谁知一场破坏力极其巨大的风暴向宇航员们袭来，阿瑞斯3号被迫中断任务，紧急返航。撤离途中，宇航员马克·沃特尼（马特·达蒙 Matt Damon 饰）被飞船上吹落的零件击中，由于生还希望渺茫，队友们只得匆匆返航，并向世人宣告他已牺牲的事实。出乎意料的是，马克以极低的概率活了下来。他躲进驻火星的航天基地疗伤。下一次火星任务要等到四年后，而基地内的补给仅够他维持31天。短暂的绝望后，马克决定利用有限的食物，在这颗空无一人的星球上种植作物，寻找一线生机。与此同时，地球方面也很快发现马克生还的事实，他们想尽办法部署营救计划。孤军奋战的马克，能否等到救援队伍的到来？                                                                    　　影片改编自安迪·威尔的同名科幻小说。
蜘蛛侠：纵横宇宙,"乔伊姆·多斯·桑托斯,凯普·鲍尔斯,贾斯汀·汤普森",喜剧;动作;科幻;动画;奇幻;冒险,2023-6-2,地球-65，蜘蛛女格温（海莉·斯坦菲尔德 Hailee Steinfeld 配音）因为好友彼特之死而充满愧疚，而父亲对蜘蛛侠的误解也让她倍感焦虑。某次行动中，格温结识了来自其他宇宙的同伴米圭尔·奥哈拉和杰西卡·德鲁。从他们口中得知，为了防止多元宇宙进一步崩坏，米圭尔策划成立了由蜘蛛侠中的精英组成的突击队。格温受邀加入他们，并利用时空穿梭的机会来到了地球-1610，见到久违的迈尔斯（沙梅克·摩尔 Shameik Moore 配音）。此时的迈尔斯和父母关系紧张，他憧憬格温，渴望加入突击队又遭到拒绝。                                                                    　　随后迈尔斯又听到一个可怕的消息，每一个宇宙中，失去至亲正是所有蜘蛛侠的可悲宿命……
变脸,吴宇森,动作;科幻;犯罪;惊悚,1997-6-27,凯斯特（尼古拉斯•凯奇 Nicolas Cage 饰）是一个恐怖分子，他本想杀死探员西恩（约翰•特拉沃塔 John Travolta 饰），却误杀了西恩的儿子，西恩更与凯斯特结下不共戴天之仇。在逮捕凯斯特归案之后，他以为可以划上句号，却得知凯斯特已经把一枚毒气炸弹投放在某个人群密集的角落。                                                                    　　为了查出炸弹地点，西恩决定利用整形手术，将昏迷中的凯斯特的脸换在自己身上，去假扮凯斯特身份套出他弟弟说出真相。这件事属于FBI高度机密，只有寥寥几人知情。                                                                    　　凯斯特醒来，此时他有着西恩的面相。于是他决定将计就计，将知情人杀掉之后，他就变成了西恩……
这个男人来自地球,理查德·沙因克曼,剧情;科幻,2007-11-13,一个普通男人的秘密在他的辞职事件中开始显示出端倪。历史教授约翰奥德曼（David Lee Smith饰）说自己身上有一个让大家都匪夷所思的秘密，而为了保守这个秘密他不能在一个地方超过十年。他的朋友们试图去发掘他的故事中的秘密，这一举动让约翰非常生气，而他的朋友却发现约翰的故事是无法被否定也无法查证的，究竟约翰身上有着怎样的秘密？一幕幕碎片联系起来，带给我们一个意料之外的故事高潮。
黑客帝国动画版,"钟彼得,安德鲁·R·琼斯,川尻善昭,小池健,前田真宏,森本晃司,渡边信一郎",动作;剧情;动画;科幻,2003-6-3,《黑客帝国动画版》由9段以《黑客帝国》系列电影世界观为基础生发出的短片组成，各篇的角度与风格各异，制作班底汇聚了日本、美国、韩国三地的动画精英。《机器复兴》讲述了MATRIX的历史。机器人不堪人类恶劣对待，终于反抗并将人类化为能源。《少年故事》讲述一名少年突然收到来自网络的召唤，而大批黑衣人开始对他展开围捕。《虚拟程序》展示了一对男女在虚拟训练程序中的片断。《世界纪录》描写一位短跑运动员在接近突破人类极限时终被系统牢牢控制。《超越极限》叙述因为系统错误，平静的街区中出现了一片超常区域。《侦探故事》描写一位侦探被步步引领着试图摆脱系统的桎梏。《矩阵化》讲述一只机器人被人类捕获并驯化的故事。《终极战役》记录了一艘飞船毁灭的经过。
月球,邓肯·琼斯,剧情;科幻;悬疑,2009-7-10,未来世界，随着科技的飞速进步，地球的污染也越来越严重。为了遏制这种现状，一家名为月能工业有限公司的企业应运而生。该公司致力于月球能源的开发，通过采集氦-3来满足地球对能源的需求。月能公司在月球设有基地，山姆·贝尔（山姆·洛克威尔 Sam Rockwell 饰）正是该基地 上唯一的工作人员。山姆是公司聘用的合同工，他已在月球孤零零地生活3年，陪伴他的只有智能机器人戈蒂（凯文·斯派西 Kevin Spacey 饰）。枯燥乏味的生活令山姆归心似箭，在还有两周就离开月球的时候，山姆偶然遭遇一起事故。醒来后的他发现戈蒂似乎对其有所隐瞒，公司高层也拒绝他的回程请求。山姆借机逃出基地，却在事故发生地点发现另一个自己……                                                                    　　本片荣获2009年爱丁堡国际电影节最佳英国影片奖、2009年西雅图国际电影节最佳男主角奖。
机器管家,克里斯·哥伦布,剧情;喜剧;科幻,1999-12-13,机器人安德鲁（罗宾·威廉斯 Robin Williams 饰）是尼尔家四代人的管家。原本尼尔一家只是当他一部机器来使用，但大家渐渐发现安德鲁不只是一个家务机器这么简单，他在日常还会和他们一起欢笑，懂得人类的习俗，体会人类的情感。                                                                    　　安德鲁在尼尔家的女儿很小的时候就喜欢上她了，但由于他没有安装感觉模块，他任由她嫁给了一个错误的人。由于没有感觉，安德鲁可以在海边独自一人盖一栋房子生活。直到某天，他遇上了机械专家、科学狂人，为他安装上了感觉模块。                                                                    　　至此，安德鲁才体会到什么是吃醋、什么是恋爱。经过一番努力，安德鲁终于完全融入了人类社会。最终，他和自己相爱的人得以长厢厮守，并在垂垂老矣时幸福死去……
暖暖内含光,米歇尔·贡德里,剧情;爱情;科幻,2004-3-19,内向沉稳的约尔•巴瑞斯（金•凯瑞 饰）在一次聚会中认识了率真随性的克莱门汀•克罗斯基（凯特•温丝莱特 饰），二人成为情侣。和普通的情侣一样，他们的日子也在甜蜜和争吵中度过。                                                                            　　2004年情人节前夕，当约尔精心准备好礼物，为不久前一次争吵找到克莱门汀道歉时，他惊讶地发现，克莱门汀根本都不记得他了。原来冲动的克莱门汀受不了二人交往中争吵的痛苦，到“忘情诊所”，把关于约尔的记忆删除得一干二净。                                                                            　　约尔无法原谅克莱门汀的任性，也无法忍受失去她的痛苦，所以他也到了“忘情诊所”，请求医生霍华德博士（汤姆•维尔金森 饰）消除关于克莱门汀的记忆。                                                                            　　记忆清除程序开始启动，约尔在自己的记忆中游走，他发现和克莱斯汀一起度过的那些时光，无论是痛苦还是甜蜜，都弥足珍贵，他并不想忘记这个自己深爱的女人。但是，程序一旦启动就无法逆转，约尔只能想尽办法把克莱斯汀藏到记忆最深的地方，那些...
回到未来3,罗伯特·泽米吉斯,喜剧;科幻;西部;冒险,1990-5-25,马丁（迈克尔·J·福克斯 饰）从他生活的八十年代来到了1955年，根据好朋友埃米• 布朗博士（克里斯托弗·洛伊德 饰）于1885年留下的信件，马丁找到了博士研制的时空穿梭机。本以为可以乘坐着这台机器回到未来，马丁却意外发现了博士的墓碑，原来他在留下那封信后不久便被人杀害。为了拯救埃米博士，马丁乘坐时空穿梭机来到了1885年的美国西部。 马丁能否改变历史，拯救博士的生命？二人能否成功回到未来？“                                                                    　　回到未来三部曲”完结篇，一起与马丁乘坐时空穿梭机畅游时间。
星球大战,乔治·卢卡斯,动作;科幻;冒险,1977-5-25,Vader 达斯（大卫•普劳斯 饰）秘密捕获了奥德兰公主 Leia（凯莉•费舍尔 饰）的星际飞船。危急时刻，Leia 命机器人 R2-D2（肯尼•贝克 饰）携带重要信息向隐居的绝地武士 Obi-Wan Kenobi（亚历克•吉尼斯 饰）求援。R2 成功逃离飞船，却在寻找 Obi-Wan 的途中被贾瓦人捕获，卖给了农夫 Owen（菲尔•布朗 饰），R2 只得再次逃跑。第二天，Owen 的侄儿 Luke（马克•哈米尔 饰）找到 R2 后，遭到了3名沙人的袭击，幸而 Obi-Wan 及时出现吓跑了沙人。Luke 回到家，发现 Owen 叔叔和 Beru 婶婶（谢拉格•弗雷泽 饰）已被追捕 R2 的帝国冲锋队杀害，于是决定跟随 Obi-Wan 学习原力之道，成为绝地。Obi-Wan 以高价雇了走私者 Han Solo（哈里森•福特 饰）的千年隼号，向奥德兰进...
钢铁侠,乔恩·费儒,动作;冒险;科幻;惊悚,2008-4-30,斯塔克军火公司是美军在全球范围内第一大军火供应商，其新任掌门人托尼•斯塔克（小罗伯特·唐尼 Robert Downey Jr. 饰）风流倜傥，天资聪颖。他与公司元老俄巴迪亚•斯坦（杰夫·布里吉斯 Jeff Bridges 饰）合作无间，共同将斯塔克公司的业务推向顶峰。现 实生活中的托尼热衷收集名贵跑车，搞点儿发明创造，当然露水姻缘更不可少。所幸他身边有维吉尼亚•波茨（格温妮斯·帕特洛 Gwyneth Paltrow 饰）这样的好助手细心打理一切，才让他能自由自在过着贵公子的生活。                                                                            　　在前往中东为军方展示新型武器的途中，托尼一众遭到恐怖分子袭击。他被弹片击中险些丧命，在英森博士的帮助下，托尼体内移植了一颗核动力的人工心脏。恐怖分子要求托尼制造强大的杀伤性武器，他和英森虚与委蛇，暗中制造了一套由聚变能源驱动的钢铁盔甲。穿上盔甲托尼大闹恐怖分子的基地，回到美...
银河护卫队3,詹姆斯·古恩,喜剧;动作;科幻;惊悚;冒险,2023-5-5,历经磨难与考验，银河护卫队总算在虚无之地暂时安顿下来。可就在某一天，不速之客亚当术士（威尔·保尔特 Will Poulter 饰）的闯入不仅打破了这里的安宁与祥和，更将一场生死危机带到这群好朋友中间。战斗中，火箭浣熊（布莱德利·库珀 Bradley Cooper 配音）身负重伤，奄奄一息。为了拯救好友的生命，星爵（克里斯·帕拉特 Chris Pratt 饰）和星云（戴夫·巴蒂斯塔 Dave Bautista 饰）、毁灭者（戴夫·巴蒂斯塔 Dave Bautista 饰）、螳螂女（庞·克莱门捷夫 Pom Klementieff 饰）、格鲁特（庞·克莱门捷夫 Pom Klementieff 饰）卡魔拉（佐伊·索尔达娜 Zoe Saldana 饰）前往创造了火箭的奥果公司寻找起死回生的办法。                                                                            　　然而在那个诡异的世界，他们意外发现了火箭浣熊不为人知的悲惨过往…...
她,斯派克·琼斯,剧情;爱情;科幻,2013-10-12,《她》是讲述在不远的未来人与人工智能相爱的科幻爱情电影。主人公西奥多（华金·菲尼克斯 Joaquin Phoenix 饰）是一位信件撰写人，心思细腻而深邃，能写出最感人肺腑的信件。他刚结束与妻子凯瑟琳（鲁妮·玛拉 Rooney Mara 饰）的婚姻，还没走出心碎的阴影。 一次偶然机会让他接触到最新的人工智能系统OS1，它的化身萨曼莎（斯嘉丽·约翰逊 Scarlett Johansson 声）拥有迷人的声线，温柔体贴而又幽默风趣。西奥多与萨曼莎很快发现他们如此的投缘，而且存在双向的需求与欲望，人机友谊最终发展成为一段不被世俗理解的奇异爱情......                                                                            　　《她》主要在中国上海取景，由美国导演斯派克·琼斯历时3年筹备拍摄。电影融合了新奇的科幻设定与传统的浪漫气息，真人与虚拟共同谱写温暖治愈的恋曲。导演表示，这是一部探讨“亲密关系”的电影，因人类都渴望亲密关系...
回到未来2,罗伯特·泽米吉斯,喜剧;科幻;冒险,1989-11-22,马丁（Michael J. Fox 饰）才回到现实世界与女友团聚，布朗博士（Christopher Lloyd 饰）就心急火燎地把他们带到了30年后的未来世界，原来这一次是马丁未来的两个孩子因参与抢劫锒铛入狱，博士要携马丁一起阻止悲剧发生。                                                                    　　周旋一番后，两个孩子被成功挽救，但三人回到现实世界后，却发现周遭发生了天翻地覆的变化，世界被贝夫（Thomas F. Wilson饰）所控制，马丁的父亲乔治惨死，母亲洛莲（Lea Thompson 饰）竟然成了贝夫的妻子！                                                                    　　这一切都是因为时光机器的秘密不慎被未来的老贝夫识破，他偷偷回去捣鬼，竟因此使得整个世界都在他的掌握下！马丁与博士再次踏上时光穿梭的征途，希望将世界扳回正轨。
星球大战前传3：西斯的反击,乔治·卢卡斯,动作;科幻;奇幻;冒险,2005-5-20,克隆战争已经进行了三年，共和国即将胜利，分裂联盟的格非特将军和杜库伯爵（克里斯托弗•李 Christopher Lee 饰）劫持议会首相帕尔帕庭（伊恩·迈克蒂安米德Ian McDiarmid 饰）潜逃，绝地武士欧比-旺•肯诺比（伊万•麦克格雷格 Ewan McGregor 饰）和阿纳金（海登·克里斯滕森 Hayden Christensen 饰）奉长老院命前去营救，阿纳金杀死杜库伯爵救出帕尔帕庭，但格非特将军逃匿。阿纳金梦见妻子阿米达拉（娜塔丽·波特曼 Natalie Portman 饰）将死于难产，困惑中求助于帕尔帕庭，后者趁此机会离间阿纳金与绝地长老院。随着阿纳金向帕尔帕庭的靠拢，一场针对绝地武士与其所捍卫之民主的阴谋逐渐展开。                                                                    　　本片提名2006年第78界奥斯卡最佳化妆奖，并提名格莱美最佳电影电视等视觉媒体原创音乐奖。
芬奇,米格尔·萨普什尼克,剧情;科幻,2021-11-5,在世界末日后的地球上，一个为保护造物主的爱犬而生的机器人，学习生活、爱情、友谊以及作为人类意味着什么。
K星异客,伊恩·索夫特雷,剧情;科幻,2001-10-26,一位自称普洛特的戴墨镜男人（凯文•斯帕西 Keven Spacey 饰）突然出现在纽约中央公园车站。他自称来自天琴座附近距地球一千光年的K-PAX星，以超光速来到地球考察。普洛特被当作精神病人入住曼哈顿精神病院，受到马克•鲍威尔医生（杰夫•布里奇斯 Jeff Bridges 饰）的治疗。马克认为普洛特是妄想症患者，却又对普洛特的奇怪行为和不可思议的天文知识将信将疑。同时，普洛特的到来在病院中其他病人中造成轰动，人人都希望能被选中随普洛特回K-PAX星。马克医生竭尽全力希望找出普洛特的真实身份，却没想到自己竟在此过程中越来越被普洛特的理论所说服。普洛特的真实身份究竟为何？                                                                    　　本片被提名美国科幻、幻想和恐怖电影协会最佳男主角（凯文•斯帕西）。
阿基拉,大友克洋,动作;科幻;动画,1988-7-16,1988年7月，关东地区使用新型炸弹进行爆破，第三次世界大战即刻爆发。31年后，人类从一片废墟中重建都市，东京湾上建立了巨大城市——新东京。世界仿佛要恢复到以前的繁荣。                                                                    　　2019年的一个夜晚，新东京郊外的封闭高速公路上，暴走族团体正在公路上飙车。带头的少年，是一名叫做金 田的职业高中学生。                                                                    　　突然，街上出现了一位奇怪的矮个子男子，暴走族少年铁雄为躲避车祸连人带车飞出公路。正当金田要拿那位男子问罪之时，军队驾驶直升飞机赶到。将那位矮个男子与铁雄一起收押。                                                                    　　铁雄进入了一个陌生的地方，这里似乎在从事超能力的研究。而金田则在盘算如何营救铁雄。二人都不知道，他们的未来，因为神秘力量——阿基拉而已经开始了巨大的变化。
潜行者,安德烈·塔可夫斯基,剧情;科幻;悬疑,1980-5-13,清晨，空荡幽暗的卧室。潜行者（亚历山大·凯伊达诺夫斯基 Aleksandr Kajdanovsky饰）悄然无息地起身准备与另外两人会合前往一片恐怖复杂的地带。可妻子（阿丽萨·弗雷因德利赫 Alisa Frejndlikh饰）却极力哀求他不要冒险进入该地。而这位训练有素、 经验丰富的潜行者，即将穿越的是一片有着千变万化陷阱和圈套的地区“The Zone”。这块二十年前因陨星坠落而荒芜的恐怖地区，传说有一个名叫“The Room”的囚室，它能满足人们潜意识里最深层的意愿和欲望。潜行者与为寻求灵感的作家（安纳托里·索洛尼岑 Anatoli Solonitsyn饰）和为探明真相的科学家（尼古莱·格陵柯 Nikolai Grinko饰），踏上了这片变幻莫测的死亡之地。                                                                            　　这部极具史诗片气质，探究人类灵魂本质的科幻电影《潜行者》，用诗意而极富隐喻的长镜头，挖掘着人...
流浪地球2,郭帆,科幻;冒险;灾难,2023-1-22,在并不遥远的未来，太阳急速衰老与膨胀，再过几百年整个太阳系将被它吞噬毁灭。为了应对这场史无前例的危机，地球各国放下芥蒂，成立联合政府，试图寻找人类存续的出路。通过摸索与考量，最终推着地球逃出太阳系的“移山计划”获得压倒性胜利。人们着手建造上万台巨大的行星发动机，带着地球踏上漫漫征程。满腔赤诚的刘培强（吴京 饰）和韩朵朵（王智 饰）历经层层考验成为航天员大队的一员，并由此相知相恋。但是漫漫征途的前方，仿佛有一股神秘的力量不断破坏者人类的自救计划。看似渺小的刘培强、量子科学家图恒宇（刘德华 饰）、联合政府中国代表周喆直（李雪健 饰）以及无数平凡的地球人，构成了这项伟大计划的重要一环……                                                                    　　本片根据刘慈欣同名科幻小说改编。
复仇者联盟,乔斯·韦登,动作;科幻;奇幻;冒险,2012-5-5,一股突如其来的强大邪恶势力对地球造成致命威胁，没有任何一个超级英雄能够单独抵挡。长期致力于保护全球安危的神盾局（SHIELD）感到措手不及，其指挥官“独眼侠”尼克·弗瑞（塞缪尔·杰克逊 Samuel L. Jackson 饰）意识到他必须创建一个“史上最强”的联盟组织， 云集各方超级英雄一起发威，才能拯救世界于水深火热，抵御黑暗势力的侵袭。于是由六大超级英雄——“钢铁侠”（小罗伯特·唐尼 Robert Downey Jr. 饰）、“雷神” （克里斯·海姆斯沃斯 Chris Hemsworth 饰）、“美国队长”（克里斯·埃文斯 Chris Evans 饰）、“绿巨人” （马克·鲁弗洛 Mark Ruffalo 饰）、“黑寡妇”（斯嘉丽·约翰逊 Scarlett Johansson 饰）和“鹰眼”（杰瑞米·雷纳 Jeremy Renner 饰）组成的 ...
后天,罗兰·艾默里奇,科幻;灾难,2004-5-28,美国气候学家杰克（丹尼斯•奎德 Dennis Quaid 饰）认为，温室效应正在引发地球的大灾难，北极冰川的融化，会让地球回到冰河世纪那样的劫难。他的提醒并没有引起美国当局的重视，一切都已经太晚：飓风、冰雹、洪水、冰山融化、极度严寒，一系列的地球巨变引发了一场不可挽救的灾难。美国政府组织北纬30度的民众转移到赤道周围，场面一片混乱。更糟糕的是，杰克的儿子，正困在曼哈顿的图书馆里，靠烧书生火来维持体温。大家怎样才能逃过这场灭顶的灾祸？冰天雪地的地球何时才能回暖？
银翼杀手2049,丹尼斯·维伦纽瓦,剧情;动作;科幻;悬疑;惊悚,2017-10-27,故事发生在大断电30年后。复制人K（瑞恩·高斯林 Ryan Gosling 饰）是新一代的银翼杀手，在如今的世界里，人类和复制人之间的界限划分的更加明确，复制人从刚一制造出来就被灌输了服务于人类的思想，绝对不被允许产生人类的感情。                                                                    　　某日，一具女性复制人的遗骨被挖掘了出来 ，令陆军中尉乔什（罗宾·怀特 Robin Wright 饰）感到震惊的是，这名女性复制人生前不仅怀过孕，还将孩子生了下来，这个孩子的存在将会彻底破坏政府苦心经营的规则和秩序。乔什命令K找出这个孩子，并将他杀死。在一间废弃的农场里，K发现了一些线索，然而，这些线索竟然和他被植入的过去的记忆有着千丝万缕的关联。与此同时，尼安德（杰瑞德·莱托 Jared Leto 饰）和他的手下拉芙（西尔维娅·侯克斯 Sylvia Hoeks 饰）也在寻找着这个孩子的下落。
变形金刚,迈克尔·贝,动作;科幻,2007-7-11,“霸天虎”的先遣部队旋风和毒蝎袭击了美军位于卡塔尔的军事基地，与此同时，路障帮助他的搭档迷乱潜入了美国总统的座机空中一号，通过电脑获悉，要想找到威震天就必须找到维特维奇家族的那副眼镜，上面有威震天关于能量块的信息扫描，而它现在的拥有者萨姆·维特维奇（希安·拉博夫饰）成为了“霸天虎”攻击的目标。                                                                    　　萨姆是名高中生，学校里没有人相信他讲述的关于这副眼镜的历史，失望之余，萨姆把眼镜放到网上拍卖，然而从未引起买家的兴趣。这时父亲送了一辆破车给他，这辆车恰好就是“汽车人”大黄蜂的变形。大黄蜂帮助萨姆交上了漂亮的女朋友（梅甘·福克斯饰），但很快就遭遇了“霸天虎”的袭击，擎天柱带着其他“汽车人”赶到，一场机器人大战由此拉开了序幕。
第九区,尼尔·布洛姆坎普,动作;剧情;科幻;惊悚,2009-11-27,1990年，一艘巨大的飞船出现在地球上空，人们惶恐不安，却又分外好奇。经过一段时间紧张的等待，外星飞船始终没有动静。人类终于小心翼翼靠近它，强行走进舱内，结果发现了不计其数的外星人。他们形容丑陋，宛如虾子，而且健康状况极差，虚弱无力。原来这是一群来自外星的难民，他们最终被地球人接纳，并隔离在南非约翰内斯堡的一片区域内生活，此地名为“第九区”。经过长达20年的繁衍，外星难民的数量扩张至180万之多，且和周边人类的矛盾冲突不断，越来越多的人类呼吁将“大虾”赶出地球。                                                                    　　MNU（列国同盟组织）经过磋商，决定将外星难民迁移到更为偏远的区域。MNU外星事务部门的特工威库斯（Sharlto Copley 饰）专门负责搬迁工作。威库斯在动员过程中傲慢随意，与当地居民冲突频频。最终，他为自己的行为付出代价，外星人的神秘流体将其感染，威库斯慢慢变成了外星人的模样……
星际宝贝,"克里斯·桑德斯,迪恩·德布洛斯",喜剧;科幻;动画;冒险;家庭,2002-6-16,5岁的女孩丽洛一直梦想养一只宠物狗，这天她终于得偿所愿，在姐姐的帮助下收养了一只流浪小狗，并帮他取名史迪。其实史迪并不是什么流浪狗，他是外太空的危险分子，长有六条腿，在流放中偷跑到了地球。为了隐瞒身份，史迪一直将他的另外两只脚藏起来，外表和其他的小狗一样。在朝夕相处中，史迪和丽洛慢慢建立了深厚的感情。然而此时，追捕史迪的外星人发现了史迪藏身地球，为了逼他就范，他们绑架了丽洛。为了救回好朋友，史迪决定尽力一拼！
金刚狼3：殊死一战,詹姆斯·曼高德,剧情;动作;科幻,2017-3-3,故事发生在2029年，彼时，X战警早已经解散，作为为数不多的仅存的变种人，金刚狼罗根（休·杰克曼 Hugh Jackman 饰）和卡利班（斯戴芬·莫昌特 Stephen Merchant 饰）照顾着年迈的X教授（帕特里克·斯图尔特 Patrick Stewart 饰），由于衰老，X教授已经丧失了对于自己超能力的控制，如果不依赖药物，他的超能力就会失控，在全球范围内制造无法挽回的灾难。不仅如此，金刚狼的自愈能力亦随着时间的流逝逐渐减弱，体能和力量都早已经大不如从前。                                                                            　　某日，一位陌生女子找到了金刚狼，将一个名为劳拉（达芙妮·基恩 Dafne Keen 饰）的女孩托付给他，嘱咐他将劳拉送往位于加拿大边境的“伊甸园”。让罗根没有想到的是，劳拉竟然是被植入了自己的基因而培养出的人造变种人，而在传说中的伊甸园里，有着一群和劳拉境遇相似的孩子。邪恶的唐纳德（波伊德...
黑洞频率,格里高利·霍布里特,科幻;犯罪;悬疑,2000-4-28,约翰的父亲弗兰克(丹尼斯•奎德 Dennis Quaid 饰)死于30年前一次救火行动中。一次，翻看父亲的遗物时，约翰(詹姆斯•卡维泽 James Caviezel 饰)发现了30年前父亲使用过的一台老式无线电。在随手翻拨频段的时候，他竟然和一名年轻叫弗兰克的男子搭上了线。经过整夜长谈，约翰确定时空发生了错乱，这个弗兰克正是自己30年前的父亲。                                                                    　　约翰兴奋异常，顺利帮助父亲躲过了30年前的那场灾难。当他一觉醒来，惊讶地发现了相框中白发苍苍的父亲，他知道自己成功了。然而让人意想不到的是，历史一切都改写。约翰的拯救了父亲，而他的母亲却死于了多年前的一起连环杀人案。当约翰通过无线电再次联系30年前的父亲，意图让父亲阻止母亲被杀时，父亲却又意外成了嫌疑犯！
生化危机,保罗·安德森,动作;科幻;恐怖,2002-3-15,为军方研究生化武器的安布雷拉公司在浣熊市地下设有巨大的研究中心——蜂巢，由于一次意外事故导致可通过空气传播的生化武器泄露，负责蜂巢安保的电脑系统“红色女王”启动应急措施，却导致数百名工作人员罹难……四小时后，蜂巢安保人员爱丽丝（米拉·乔沃维奇 Milla Jovovich 饰）在蜂巢出口醒来，并且因为催眠气体而失忆。一支受命关闭红色女王的特种小队来到此处，与爱丽丝、自称警察的安德森，以及蜂巢工作人员帕克斯组队深入地下。一行人因任务目标与红色女王冲突而先后遭遇保卫系统和丧尸的连番袭击，而爱丽丝渐渐恢复的记忆揭示了她与同行者非同一般的联系。这场生化丧尸危机该如何解除？又或者根本是一曲绝望的前奏？                                                                    　　本片是根据知名电子游戏《生化危机》改编而成系列电影的首部。
超时空接触,罗伯特·泽米吉斯,剧情;科幻;悬疑;惊悚,1997-7-11,艾莉·爱罗维（茱迪·福斯特饰）自幼就对无线电通讯情有独钟。长大后，她成为一名天文学家，其项目内容为接收外太空信号。她希望能借此找到宇宙其他文明的存在。天才的理想得到的却是投资者的冷眼相看，幸好有神秘人帮助艾莉继续工作。                                                                    　　一次偶然的机会，艾莉收到了来自织女星的频率信号，似乎证明了艾莉一直以来的工作是正确的。但这带来的不是她个人事业的成功，而是政治、社会、宗教、国家各个角度的矛盾与讨论。深陷这一切暴风中心的艾莉，更要面对与神职人士帕尔默·乔丝（马修·麦康纳饰）的感情纠葛。                                                                    　　个人与世界，真相与现实，艾莉面临着远远超越学术范围的挑战。
黑衣人,巴里·索南菲尔德,动作;喜剧;科幻,1997-7-2,地球并不只是人类的天下，其实有1500名外星人生活中我们当中，而星际移民局则处理和外星人相关的事情。                                                                    　　纽约普通警察爱德华兹（威尔·史密斯 饰）因缘际会之下加入了这一组织，成为MIB的一员，代号J，从此没有名字、没有身份，成为特警K（汤姆·李·琼斯 饰）的搭档。                                                                    　　J应对的 第一起事件就是虫族的入侵。亚基伦王子罗斯伯在地球被虫族杀害，而他随身携带的“银河系”——宇宙次原子能源的最好来源也失踪了，若虫族找到，将给亚基伦人带来毁灭性的打击；亚基伦人发出最后通牒，如果地球人不能在一个小时之内交出“银河系”，他们就摧毁地球。                                                                    　　为了地球的安全，K和J不得不挺身而出。
异次元骇客,约瑟夫·鲁斯纳克,科幻;悬疑;惊悚,1999-5-28,十三，一个听起来就有些阴冷的数字。在一座大厦的第十三层，科学家道格拉斯•霍尔（克雷戈•比克饰）和汉农•富勒（阿明•缪勒－斯塔尔饰）用电脑模拟出一个逼真的1937年的洛杉矶，他们可以通过电脑进入这个虚拟世界，真实地体验1937年的生活与自己。然而一个夜里，富勒被人杀死，种种线索都表明似乎是霍尔所为。可霍尔却对当天夜里的事情全无记忆。这时一个自称是富勒女儿的女人又神秘出现，可霍尔从未听富勒说过自己有女儿……为了找到凶手明晓真相，霍尔循着富勒留下的线索来到虚拟世界中，他离真相越来越近了……近到窒息……
侏罗纪公园,史蒂文·斯皮尔伯格,科幻;惊悚;冒险,2013-8-20,哈蒙德（理查德•阿滕伯勒 Richard Attenborough  饰）立志要建立一个非同寻常的公园：恐龙将是这个公园的主角。他把众多科学家收归旗下，利用琥珀里面困住的远古蚊子体内的血液，提取出恐龙的基因信息，利用这些信息培育繁殖恐龙。结果如愿以偿，他把怒布拉岛建立成了一个恐龙公园，坚信可以从中赚取大钱。然而，科学家们则忧心忡忡。                                                                    　　不幸的事情果然发生了。虽然公园有电脑系统管理，但却因为被员工破坏而造成了无法挽救的失控：所有的恐龙逃出了控制区，人们纷纷逃窜却逃不过恐龙的魔爪。恐龙自相残杀，人们亦死难无数，最后幸存者寥寥，只得四人逃出生天。怒布拉岛上空弥漫着恐怖的气息。
星球大战2：帝国反击战,厄文·克什纳,动作;冒险;科幻,1980-5-21,维德勋爵（大卫•普劳斯 David Prowse 饰）把抵抗力量赶出基地，并派出数以千计的探针寻找卢克•天行者（马克•哈米尔 Mark Hamill 饰）。抵抗力量埋伏到冰天雪地的哈斯星，卢克在一次巡逻任务中意外被雪人所俘，运用“原力”逃生后晕厥中听到欧比-旺•肯诺比（亚历克•吉尼斯 Alec Guinness 饰）要他前往狄克星寻找绝地武士尤达师傅受训。银河帝国派出大军进攻哈斯星，韩•索罗（哈里森•福特饰）携猿人丘巴卡（彼得•梅林 Peter Mayhew 饰）带莉亚公主（卡里•费什尔 Carrie Fisher 饰）和机器人C-3PO乘千年隼飞船逃生，到达韩•索罗的旧识总督蓝多•卡瑞辛（比利•迪•威廉姆斯 Billy Dee Williams 饰）的贝斯平云城暂时歇脚，却发现蓝多早与维德勋爵达成协议，出卖韩•索罗设计陷阱诱惑卢克前来。学业未成的卢...
她的回忆,森本晃司,动画;冒险;科幻,1995-12-23,21世纪末，浩瀚无际的宇宙空间内，太空垃圾回收船日冕号正夜以继日地工作。船员伊万诺夫、大岛、海因茨等人既感烦躁，又觉无聊，只能通过插科打诨派遣抑郁的心情。就在此时，日冕号突然收到一段奇怪的求救信号。信号源自某个太空墓场，其间夹杂着女声所吟唱的普契尼著名歌剧《蝴蝶夫人》的段落。经过漫长跋涉，日冕号终于抵达太空墓场，海因茨和米格尔下船勘查，谁知却在这个与世隔绝的所在发现种种异状。在此之前，拥有传奇华美人生的歌剧演员艾娃似乎盘桓于此，如梦如幻的世界，海因茨和米格尔渐渐迷失在艾娃以及彼此的记忆中，他们深陷幻象无法自拔……                                                                    　　本片为《回忆三部曲》中的一部。
铁甲钢拳,肖恩·利维,剧情;动作;科幻;运动,2011-11-8,2020年，未来一个并不遥远的年份，整个世界已经发生了许多变化。在那个时代，人类拳击不再被允许，取而代之的是各种机器人走上了擂台，继续这项火爆的运动，愉悦大众。前拳击手查理·肯顿（休·杰克曼 Hugh Jackman 饰）似乎并不那么落寞，他很快适应了时代的发展，带着经过训练的机器人一次次走上拳台。但是倒霉事接二连三，他先是意外落败，债台高筑，继而接到前女友突然过世的消息，并见到了从未谋过面的儿子——11岁男孩麦克斯（达科塔·高尤 Dakota Goyo 饰）。                                                                    　　一次意外，让麦克斯遇到了一台业已被淘汰的陪练机器人Atom。在麦克斯的坚持下，查理同意让Atom参加比赛，却意外发现这台“废物”不仅抗打，而且拥有搏斗的潜质与天赋。肯顿父子和他们的机器人由此踏上新的征途……
异形,雷德利·斯科特,科幻;惊悚;恐怖,1979-5-25,未来的世界，人类已能轻松穿梭于星际之间，在太空中展开商业活动。“诺史莫”是在太空活动的众多星际商业运输船之一。一次，它完成任务满载太空矿石返航地球时，突然收到了一组奇怪的信号，由于这可能是求救信号，飞船接到指令前往信号源地进行搜救。                                                                    　　经过一段飞行后，飞船终于抵达信号源发出的地方。船员们发现此处果然有一艘坠毁的飞船，只是，经过一番搜索，他们发现该船的船员们都早已死亡，化为化石。此时，留在“诺史莫”号的第三指挥官里普利已经破译出该信号并不是求救信号，而是警告信号！队员的生死搏斗开始了！
星球大战3：绝地归来,理查德·马昆德,动作;科幻;奇幻;冒险,1983-5-25,银河帝国再建威力更大的新“死星”，试图彻底消灭抵抗力量。卢克•天行者（马克•哈米尔 Mark Hamill 饰）派机器人R2-D2和C-3PO前往塔图因星贾霸处协商交换被冷冻的韩•索罗（哈里森•福特饰）未果；后在莉亚公主（卡里•费什尔 Carrie Fisher 饰），猿人丘巴卡（彼得•梅林 Peter Mayhew 饰）和蓝多•卡瑞辛（比利•迪•威廉姆斯 Billy Dee Williams 饰）的帮助下终于营救成功。在尤达师傅处，卢克发现了更多关于自己身世的秘密，也终于决定迎接成为一个绝地武士的终极挑战。卢克回到抵抗组织参与攻打“死星”行动，与韩•索罗，莉亚公主，丘巴卡，机器人R2-D2和C-3PO共同前往森林密布的恩多星破坏“死星”防护罩的能源站，与此同时蓝多•卡瑞辛驾驶千年隼飞船带领各部施展航空打击。没曾想卢克一行人刚踏上恩多星，就遭遇当地部...
飞向太空,安德烈·塔可夫斯基,剧情;科幻;悬疑,1972-3-20,心理学家克里斯•凯尔文（Donatas Banionis 饰）在飞往索拉瑞斯星之前来到儿时的父母家与当年的索拉瑞斯飞行员亨利•伯顿（Vladislav Dvorzhetsky 饰）见面。伯顿警告凯尔文索拉瑞斯星上会有不可思议的奇事发生，但后者并不以为意。凯尔文离开前，当 着父亲（尼古莱•格陵柯Nikolai Grinko 饰）的面焚毁了自己的个人物品。凯尔文到达索拉瑞斯星附近的太空站后，对科学家奇巴瑞安博士（Sos Sargsyan 饰）之死进行调查，却发现自己多年前已经去世的妻子哈莉（Natalya Bondarchuk 饰）竟突然出现。惊慌失措的凯尔文与太空站上的科学家们讨论该如何面对怪事，却发现原来每人都深受其扰，不明就里……                                                                    　　本片被提名1972年戛纳电影节金棕榈奖，并获同年戛纳电影节评委会大奖和国际影评人协会大奖。
原始星球,阿内·拉鲁,动画;科幻,1973-12-6,茫茫宇宙中一颗无名星球上，生活着体形悬殊的两种生物。占主导地位的是戴格斯人，他们身形巨大，拥有极高的文明和智慧，可以使精神摆脱肉体自在游弋；与之相对的是奥姆斯人，他们具有地球人的外表和身形，社会形态原始落后，在戴格斯人面前有如蝼蚁，于是当仁不让成为这些巨人的奴隶和玩物。奥姆斯人具有顽强的生命力和繁殖能力，他们的数量与日俱增，造成了统治者的困扰。于是，一场针对奥姆斯人的剿灭战随即展开。这本是一场微不足道的如同剿灭害虫的行动，但一个不起眼的奥姆斯人改变了双方的格局。泰尔是被一个戴格斯女孩豢养的奥姆斯男性宠物，他通过主人的教学机器学到了戴格斯人先进的科学文化知识。偶然机会，泰尔逃离戴格斯家庭，成为了领导奥姆斯人对抗统治者的领袖……                                                                    　　本片荣获1973年戛纳电影节特别奖。
明日边缘,道格·里曼,动作;科幻,2014-6-6,未来世界陷入外星人入侵的恐慌中，军事演说家凯奇少校（汤姆·克鲁斯 Tom Cruise 饰）畏惧上战场，他从没想过将军（布莱丹·格里森 Brendan Gleeson 饰）会让他去指挥即将开始的“诺曼底战役”，拒绝接受命令之后将军居然恶整了他，那就是把他当做逃兵扔进了军 营中。凯奇被归入了J小队中进行战斗，战役的第一天就惨死在战场，没想到这一死让他拥有了时空循环的能力，而唯一相信他的人就是被称为“全金属战士”的丽塔·沃拉塔斯基（艾米莉·布朗特 Emily Blunt 饰）。二人开始了时空循环作战，在训练凯奇的同时他们发现了控制时间的奥秘，这与外星人“主脑”欧米茄有关，但是唯一能取得胜利的方法就是让凯奇不断死去、不断重启时间。在不断重复登陆那天的战斗的同时，凯奇越来越不想失去丽塔……
X战警：逆转未来,布莱恩·辛格,剧情;动作;科幻;冒险,2014-5-23,故事的设定发生在当下，变种人族群遭到了前所未有的毁灭性打击，而这一切的根源是“魔形女”瑞文（詹妮弗·劳伦斯 Jennifer Lawrence 饰）在1973年刺杀了玻利瓦尔·特拉斯克（彼特·丁拉基 Peter Dinklage 饰）。在得知“幻影猫”（艾伦·佩吉 E llen Page 饰）利用穿越时空的能力帮助Blink（范冰冰 饰）等战友逃脱巨型机器人“哨兵”的追杀后，X教授（帕特里克·斯图尔特 Patrick Stewart 饰）和万磁王（伊恩·麦克莱恩 Ian McKellen 饰）达成认同，决定让金刚狼（休·杰克曼 Hugh Jackman 饰）穿越回1973年，找到年轻的X教授（詹姆斯·麦卡沃伊 James McAvoy 饰）和年轻的万磁王（迈克尔·法斯宾德 Michael Fassbender 饰）并说服他们一起阻止魔形女的行动。于是...
猩球崛起,鲁伯特·瓦耶特,剧情;动作;科幻,2011-10-28,为了能让身患老年痴呆症的父亲重回正常的生活，威尔·罗曼（詹姆斯·弗兰科 James Franco 饰）一直致力于名为“Cure”的基因药物的开发，并在大猩猩身上不断进行着药物试验。在公司已经失去信心的同时，威尔继续在家完成试验，并在一只名为凯撒的大猩猩身上获得成功。借助灵长类学家卡洛琳（芙蕾达·平托 Freida Pinto 饰）的帮助，威尔发现凯撒的智力极大地提高。不过，人类的社会始终无法接受拥有极高智力的凯撒，凯撒被送往了猩猩看护所。看护所的残酷对待，使得凯撒利用智慧进行抗争，最终救走了同时被囚禁的其他猩猩，而且对它们都使用了Cure。一群高智商的猩猩与人类对立的战争就此拉开。本片获得了第84届奥斯卡最佳视觉效果的提名。
正义联盟：闪点悖论,杰伊·欧力瓦,动作;科幻;动画;奇幻;冒险,2013-7-30,某晚，中央城爆发激战，闪电侠巴里·艾伦（贾斯汀·钱伯斯 Justin Chambers 配音）和超人、蝙蝠侠、戴安娜、绿灯侠等正义联盟的伙伴们与来自25世纪的急速教授及其爪牙镜子大师、陀螺、速冻队长你来我往，最终将这群恶棍绳之于法。分别时刻，急速教授的一番话触动巴里心底最敏感的地方。在此之后，似乎一切都发生变化。他一觉醒来，发现无赖帮们继续为非作歹，自己则意外丧失了变身闪电侠的能力，更令他出乎意料的是本应在童年被盗贼杀害的母亲竟然活着出现在他面前。全世界仿佛也天翻地覆，戴安娜率领的亚马逊人以及亚特兰蒂斯阴谋毁灭世界，布鲁斯死去，他的父亲托马斯·韦恩则以粗暴的蝙蝠侠身份出现。                                                                    　　从未存在过的正义联盟，世界灭亡的前夕……
X战警：第一战,马修·沃恩,动作;剧情;科幻,2011-5-25,年轻的X教授查尔斯（詹姆斯·麦卡沃伊 James McAvoy 饰）和万磁王埃里克（迈克尔·法斯宾德 Michael Fassbender 饰）是一对志向相投的好朋友。他们最早发现了自己的超能力，并与其他几个变种人一起在CIA工作。引发埃里克超能力的纳粹战争贩子肖（凯文·贝肯 Kevin Bacon 饰）一直试图挑起核战争，而想方设法挑起美苏两国的矛盾。埃里克和查尔斯一直与肖手下的变种人战斗，努力阻止肖的阴谋。肖怂恿苏联引发古巴导弹危机，查尔斯和埃里克获知消息后，在海湾与肖手下的变种人拉开了对决的一战。最终，肖被查尔斯和埃里克合力消灭。可是，在这个过程中，埃里克逐渐被肖的政治观点影响，与查尔斯产生裂痕。通过海湾的这一战，埃里克和查尔斯最终决裂，一方变成支持人类与变种人和平共存的X教授；另一方坚持通过消灭人类换来变种人兴起的观点，自称万磁王.........
我，机器人,亚历克斯·普罗亚斯,动作;悬疑;科幻;惊悚,2004-7-16,公元2035年，是人和机器人和谐相处的社会，智能机器人作为最好的生产工具和人类伙伴，逐渐深入人类生活的各个领域，而由于机器人“三大法则”的限制，人类对机器人充满信任，很多机器人甚至已经成为家庭成员。                                                                            　　总部位于芝加哥的USR公司开发出了更先进的NS-5型超能机器人，然而就在新产品上市前夕，机器人的创造者阿尔弗莱德•朗宁博士却在公司内离奇自杀。                                                                            　　黑人警探戴尔•斯普纳（威尔•史密斯 饰）接手了此案的调查，由于不愉快的往事，斯普纳对机器人充满了怀疑，不相信人类与机器人能够和谐共处。他根据对朗宁博士生前在3D投影机内留下的信息分析和对自杀现场的勘查，怀疑对象锁定了朗宁博士自己研制的NS-5型机器人桑尼，而公司总裁劳伦斯•罗伯逊似乎也与此事有关。                                                                            　　斯普纳结识了专门研究机器人心理的女科学家苏珊•凯文(碧姬•奈娜汉 饰)，随着二人调查的深入，真相一步一步被揭露出来：...
十二猴子,特瑞·吉列姆,科幻;悬疑;惊悚,1995-12-8,公元2035年，人类被12只猴子军研制的一种病毒侵袭，大部分人类都在这场病毒灾难中死亡，只有少数人侥幸逃生，但也只能在阴暗的地下，苟且偷生。                                                                    　　科学家们决定派人穿越时光回到1996年追查12只猴子军的来历。囚徒詹姆斯·科尔(布鲁斯·威利斯 Bruce Willis 饰)被 挑选为志愿者。阴差阳错，科尔回到了1990年，当他向当时的人们描述未来的那场大灾难时，被当作精神病捉了起来并被医生凯瑟琳·雪莉（玛德琳·斯通 Madeleine Stowe 饰）诊断为精神分裂症。科尔在病友杰弗里·戈因斯帮助下逃脱，回到了未来。因为没查清12只猴子军的来历，科尔再次被派回了1996年。                                                                    　　科尔这次发现了12只猴子军的起源地在费城，他找到了医生凯瑟琳，二人一起展开了追查12只猴子军的冒险之旅!
终结者,詹姆斯·卡梅隆,动作;科幻;惊悚,1984-10-26,这是一个未来的世界，天下已经由机器人来操控。机器人想完全占有这个世界，把人类赶尽杀绝，然而却遇到了顽强抵抗的人类精英康纳。于是，终结者机器人T-800（阿诺•施瓦辛格 Arnold Schwarzenegger饰）受命回到1984年，杀害康纳母亲莎拉（琳达•汉密尔顿 Linda Hamilton 饰），目的是灭掉康纳的出生。 康纳得知后，火速派战士雷斯（迈克尔•比恩 Michael Biehn 饰）前往救援。雷斯来到1984年的洛杉矶，及时搭救了被机器人追杀的莎拉——她当时还是一个大学生。然而，人们把雷斯当成疯子，不相信未来机器人统治世界。 直到莎拉又一次遭到机器人追击，她才相信了这一切。奔走中她和雷斯相爱，怀上了未来的康纳，而雷斯也陷入和机器人的苦斗当中。人类世界能否从因为这场斗争改变原来的噩运？
升级,雷·沃纳尔,动作;科幻;惊悚,2018-3-10,格雷（罗根·马歇尔-格林 Logan Marshall-Green 饰）和女友艾莎（梅拉里·沃列何 Melanie Vallejo 饰）相恋多年，两人之间感情非常要好。一天，格雷带着艾莎去拜访一位名叫艾伦（哈里森·吉尔伯特森 Harrison Gilbertson 饰）的科学家，艾伦设计了人工智能芯片STEM，令艾莎叹为观止。                                                                    　　在回去的路上，格雷和艾莎所乘坐的无人驾驶汽车发生了故障，将两人带往了一处暴徒聚集的贫民窟，在那里，两人遭到了袭击，艾莎不幸丧生，而格雷身受重伤下半身瘫痪。心中充满了痛苦和绝望的格雷想为恋人报仇，于是找到了艾伦，将STEM芯片植入了大脑，在STEM的操纵下，格雷重新站了起来。让格雷没有想到的是，STEM的智慧远远超乎他的想象，而他亦被卷入了一个巨大的阴谋之中。
复仇者联盟3：无限战争,"安东尼·罗素,乔·罗素",动作;科幻;奇幻;冒险,2018-5-11,最先与灭霸军团遭遇的雷神索尔一行遭遇惨烈打击，洛基遇害，空间宝石落入灭霸之手。未几，灭霸的先锋部队杀至地球，一番缠斗后掳走奇异博士。为阻止时间宝石落入敌手，斯塔克和蜘蛛侠闯入了敌人的飞船。与此同时，拥有心灵宝石的幻视也遭到外星侵略者的袭击，为此美国队长、黑寡妇等人将其带到瓦坎达王国，向黑豹求助。幸免于难的索尔与星爵一行相逢，随后他们兵分两路。索尔与火箭、格鲁特踏上再铸雷神之锤的旅程，星爵则与卡魔拉等人试图阻止灭霸的恶行。而知晓灵魂宝石下落的卡魔拉，同样是其义父灭霸追踪的对象。                                                                    　　攸关整个宇宙命运的史诗战役全面展开，超级英雄们为了平凡而自由的生命奋不顾身……
云图,"汤姆·提克威,拉娜·沃卓斯基,莉莉·沃卓斯基",剧情;科幻;悬疑,2013-1-31,1850年，南太平洋，美国公证人亚当·尤因（吉姆·斯特吉斯 Jim Sturgess 饰）在船上被不明寄生虫病折磨，他用日记记录下自己所见所闻；1931年，苏格兰，落魄青年罗伯特·弗罗比舍（本·卫肖 Ben Whishaw 饰）为音乐大师记录曲谱，受到半本旅行日记的启发创作出了恢宏壮阔的《云图六重奏》；1975年，美国加州，小报记者路易莎·雷（哈莉·贝瑞 Halle Berry 饰）冒着生命危险调查一桩核电站丑闻，在老唱片店她被一首不知名的乐章打动；2012年，英国伦敦，被囚禁在养老院的出版商蒂莫西·卡文迪什（吉姆·布劳德本特 Jim Broadbent 饰）揣着一叠由女记者写成的纪实文学，打算将自己的“越狱经历”拍成电影；乌托邦未来，首尔，餐厅服务员克隆人星美-451（裴斗娜 Doona Bae 饰）开始形成自我意识和反抗人类，她在人类图书馆看了一...
无姓之人,雅克·范·多梅尔,剧情;爱情;科幻;奇幻,2009-9-12,在2092年的未来，火星已成了地球人热衷的度假胜地。118岁高龄的尼莫·诺巴蒂（杰瑞德·莱托 Jared Leto 饰）是最后一位仍会死亡的自然人。记忆混乱的他在一次次的催眠及采访之中不断回忆自己的童年，却在每个人生分岔点都衍生出完全不同的人生。在这些不同的版本中，有母亲（娜塔莎·雷托 Natasha Little 饰）和父亲（瑞斯·伊凡斯 Rhys Ifans 饰）离婚后再婚而变成了尼莫“妹妹”的安娜（黛安·克鲁格 Diane Kruger 饰），有身患抑郁症婚后情绪不稳的埃莉斯（萨拉·波莉 Sarah Polley 饰），还有与他育有三名子女的亚洲女孩吉恩（范林丹 Linh Dan Pham 饰）。交织在宇宙大爆炸理论、超弦理论和时间特性的解释中，尼莫的人生真相究竟为何呢？                                                                            　　本片获2009年威尼斯电影节金狮奖提名，并获虚构类最佳传记电影奖和Gol...
星球大战前传1：幽灵的威胁,乔治·卢卡斯,动作;科幻;冒险,1999-11-5,作为星球大战前传系列的首部曲，这部电影诞生了一个重要的人物：阿纳金（杰克·洛伊德 Jake Lloyd  . 饰）。银河国会会议上出现了利益争执，纳布星的女王阿米达拉（娜塔丽·波特曼 Natalie Portman   饰）被贸易联盟绑架并威胁签署新的贸易协议。绝地武士奎刚（连姆·尼森 Liam Neeson 饰）及徒弟欧比-旺•肯诺比（伊万·麦克格雷格 Ewan McGregor  饰）受命前去解决纠纷，维护和平。他们的飞船在塔图因星意外降落的时候遇到了阿纳金并且带走了他。                                                                    　　在奇异天才少年阿纳金等人的帮助下，奎刚及欧比-旺与贸易联盟的机器人部队和西斯武士展开了决斗.....
银河护卫队,詹姆斯·古恩,动作;科幻;冒险,2014-10-10,彼得·奎尔（克里斯·帕拉特 Chris Pratt 饰）是一名从小被劫持到外太空的地球人，在义父勇度（迈克尔·鲁克 Michael Rooker 饰）的培养下成了一个终极混混，自称“星爵”。一次行动中他偷了一块神秘球体，便成为了赏金猎人火箭浣熊（布莱德利·库珀  Bradley Cooper 配音）、树人格鲁特（范·迪塞尔 Vin Diesel 配音）的绑架目标，而神秘的卡魔拉（佐伊·索尔达娜 Zoe Saldana 饰）也对神秘球体势在必得。经过笑料百出的坎坷遭遇，星爵被迫和这三人，以及复仇心切的“毁灭者”德拉克斯（戴夫·巴蒂斯塔 Dave Bautista 饰）组成小分队逃避“指控者”罗南（李·佩斯 Lee Pace 饰）的追杀。然而这个神秘球体拥有无穷的力量，小分队必须团结一致对付罗南，才有可能解救整个银河系，银河护卫队由此诞生。
迷雾,弗兰克·德拉邦特,科幻;惊悚;恐怖,2007-11-21,一座风景秀美的小镇被一场突如其来的浓雾瞬间淹没。雾中传来阵阵惨叫，人们惊慌失措地四处逃散。戴维和他的儿子与众多镇上的人被困在小镇超市里，等待雾的消散。浓雾并没有如期望的散开，而走进浓雾的人一去不返。浓雾逐渐露出了它狰狞的面目。恐惧、惊慌、挣扎、悲伤、绝望……人们的精神濒临崩溃。如何才能活着走出迷雾？面对超市里几近癫狂的人们和超市外吞噬一切、不可知的迷雾，戴维紧紧搂着儿子，开始了艰难的求生之路……
扎克·施奈德版正义联盟,扎克·施奈德,动作;科幻;奇幻;冒险,2021-5-3,布鲁斯·韦恩（本·阿弗莱克饰）为了确保不让超人（亨利·卡维尔饰）白白牺牲，他决定与戴安娜·普林斯（盖尔·加朵饰）联手并计划招募一支超能力者团队来保护世界免遭即将到来的灾难性威胁。但这项任务比布鲁斯想象中要困难，因为每位成员都必须面对并跨越自己过去的心魔，团结起来，最终形成一个前所未有的英雄联盟。 蝙蝠侠、神奇女侠、海王（杰森·莫玛饰）、钢骨（雷·费舍饰）、闪电侠（埃兹拉·米勒饰）现在必须联合起来，否则就无法阻止荒原狼（塞伦·希德饰）、狄萨德（彼得·吉尼斯饰）以及达克赛德（雷·波特饰）毁灭地球的可怕计划。
独立日,罗兰·艾默里奇,动作;科幻;冒险;灾难,1996-7-2,未来某年的7月2日，美国各地的监视站发现一艘直径达数百英里的巨大飞船接近了地球。飞船发出的无线电信号干扰了地球的通信卫星信号，并放出了多艘直径达15英里的子飞船飞抵地球上各大城市的上空。外星飞船敌友未明，人们陷入了恐慌和迷惑。                                                                    　　电脑工程师戴维（杰夫•戈德布拉姆 饰）破译出外星人发出的无线电信号，其实是攻击的倒计时信号，他设法通知了前妻，总统的助理康妮，但是为时已晚，7月3日，外星人的飞船开始攻击地球，人类文明瞬间遭到巨大的打击和灾难。总统（比尔•普尔曼 饰）等人撤离到军事基地，指挥空军反击，却犹如以卵击石，毫无作用，军事基地也被摧毁，唯有飞行员史蒂文（威尔•史密斯 饰）设法诱使一架外星人战斗飞艇坠毁。                                                                    　　幸存者们逃到了秘密军事基地，在那里，科学家们一直在研究一艘50多年前坠毁的外星飞艇，致力于找出对付外星人的办法，那里也是人类最后的希望……
钢铁巨人,布拉德·伯德,喜剧;动作;科幻;动画;冒险,1999-8-6,往日平静的洛克威小镇，近来怪事不断，先是农家被毁、车子损坏等。一天晚上，发电厂也遭到了破坏，导致全镇停电，引起了全镇居民的恐慌。小男孩霍加斯（艾力·马伦斯奥 Eli Marienthal 配音）觉得迹象很可疑，于是沿着电缆线走到了建在森林中的发电厂，发现了凶手——钢铁巨人（范·迪塞尔 Vin Diesel 配音）。开始霍加斯被钢铁巨人巨大的身躯吓坏了，但发现他被高压电缆线缠住，无法脱身。霍加斯没有打算将此事向大人们报告，而是打算救他出来，在多日的交往过程中，霍加斯发现他其实有颗善良的心，两人成了好朋友。钢铁巨人以铁为食，每天要消耗大量的铁，供不应求，霍加斯只好带他去狄恩（小哈里·康尼克 Harry Connick Jr.）旧车厂。 另一方面，政府派来了肯特（克里斯托弗·麦克唐纳 Christopher McDonald 配音），追查铁巨人的下落，并到...
最终幻想7：圣子降临,"野村哲也,野末武志",动画;动作;科幻;惊悚,2005-8-31,赛菲罗斯的事件已经过去2年了，人类从巨大陨石的灾难之下逃脱。曾经繁荣的都市虽然满目疮痍，但人们已经开始投入重建家园的工作之中。而拯救世界的英雄克劳德，却过着与世隔绝的生活。                                                                    　　但是，神秘的疾病“星痕症候群”在世界蔓延。蒂法•洛克哈特决定找寻克劳德。但当她找到克劳德之时，眼前这个人，只是一个为艾利斯之死郁郁寡欢的落魄男子。                                                                    　　以继承赛菲罗斯的遗志而组成的白发三人组出现在人们眼前，文森特不得不再次挥动双枪，保护大家。而世界的英雄，克劳德，能否再次振作，守护这个世界呢？
星际迷航,J·J·艾布拉姆斯,动作;冒险;科幻,2009-5-15,故事发生在的二十三世纪，人类的科技发展已经到达了可以星际旅行的地步。                                                                            　　2230年出生于瓦肯星的男孩史波克（扎克瑞·昆图 Zachary Quinto 饰），因为母亲阿曼达·格雷森（薇诺娜·赖德 Winona Ryder 饰）是人类，经常遭到同僚的嘲笑和欺负。父亲萨瑞克（本·克劳斯 Ben Cross 饰）是瓦肯星的一名外交官，史波克从小就不断地在严肃的瓦肯逻辑教育和他的人类情感之间挣扎。长大后的史波克遇到了同样怀着远大志向的柯克（克里斯·派恩 Chris Pine 饰），两人虽矛盾不断但通过种种任务考验逐渐开始互相理解。                                                                            　　企业号的老舰长是克里斯托弗·派克（布鲁斯·格林伍德 Bruce Greenwood 饰），舰员则包括医疗官“老骨头”麦考伊（卡尔·厄本 Karl Urban 饰）、总工程师史考特（西蒙·佩吉 Simon Pegg 饰）、通讯官乌瑚拉...
异形2,詹姆斯·卡梅隆,动作;科幻;惊悚;冒险,1986-7-18,蕾普莉（西格妮•韦弗 Sigourney Weaver　饰）是首次探险任务遇到异形后的唯一生还者，她一直冬眠直到被救援队救回地球。当她睁开眼睛后，才发现自己已经冬眠了57年！                                                                    　　期间，人类已经移居到了异形所在的星球。蕾普莉知道后，马上向当局报局该星球上异形的情况，但却被当局认为要么精神不正常，要么谎话连篇。蕾普莉见当局对她的说话不予理睬，便决心不再涉足和异形有关的任何事。                                                                    　　果不其然，在那个异形所在的那个星球上定居的人忽然和地球中断了联系。这时当局才注意到蕾普莉之前汇报的情况，决定派出军队去营救。蕾普莉被说服参与营救行动。                                                                    　　又一场腥风血雨的战斗展开了！
宇宙探索编辑部,孔大山,喜剧;科幻,2023-4-1,唐志军（杨皓宇 饰）是一家诞生于上世纪八十年代的科幻杂志——《宇宙探索》编辑部的主编。现如今的杂志社日渐式微，唐志军也终成落魄潦倒，鳏寡孤独之人。但他却依然几十年如一日的痴迷于寻找地外文明。终于有一天，他接收到了一个疑似来自宇宙深处的异常信号，于是他召集同是天涯沦落人的伙伴们，带着那一个困惑他终生的问题，再一次踏上寻找外星人的旅途。
2012,罗兰·艾默里奇,科幻;灾难,2009-11-13,太阳活动异常，地球内部的能量平衡系统面临崩溃，玛雅人的预言即将实现，人类将遭遇灭顶之灾。各国政府已经联手开始秘密制造方舟，希望能躲过这一浩劫。以写科幻小说谋生的杰克逊（约翰·库萨克 John Cusack 饰）在带孩子们到黄石公园渡周末时发生一连串怪事，而且遇到了神经兮兮的查理（伍迪·哈里森 Woody Harrelson 饰)，查理告诉他世界末日即将来临。伴随着火山爆发，强烈地震以及海啸，杰克逊带领自己的家人驾驶一架临时租来的飞机冲出被死神阴霾瞬间笼罩的城市上空，开始寻找查理口中各国政府正在联合秘密制造的方舟。在生死攸关的时刻，一些伟大的鬼魂将脱颖而出，而一些自私的心灵将无所遁形，当千千万万个生灵通过各种方法来到方舟制造基地之时，方舟有限的容纳数量引发前所未有的恐慌。最终，仅存的人们用互爱和对生命的尊重渡过了难关。                                                                            　　本片被称为《后天》的升级版，投资...
银河护卫队2,詹姆斯·古恩,动作;科幻;冒险,2017-5-5,火箭浣熊（布莱德利·库珀 Bradley Cooper 配音）偷走了大祭司阿耶莎（伊丽莎白·德比齐 Elizabeth Debicki 饰）的能量电池，包括星爵（克里斯·帕拉特 Chris Pratt 饰）、卡魔拉（佐伊·索尔达娜 Zoe Saldana 饰）、德拉克斯（戴夫·巴蒂斯塔 Dave Bautista 饰）在内的一行人遭到了后者派出的舰队的袭击。一个神秘人物乘坐着飞船救下了银河护卫队的众人，而驾驶着飞船的不是别人，竟然正是星爵的亲生父亲伊戈（库尔特·拉塞尔 Kurt Russell 饰）。                                                                    　　在伊戈的带领下，星爵、卡魔拉和德拉克斯来到了由伊戈一手制造的星球上，而剩下的成员们则着手修复损坏的飞船。那边厢，阿耶莎委托勇度（迈克尔·鲁克 Michael Rooker 饰）抓住星爵替自己报仇，而卡魔拉亦渐渐发现了伊戈和善面目下隐藏的巨大阴谋。
